--DROP TABLE AND CREATE LANCHE_INGREDIENTES
DROP TABLE LANCHE_INGREDIENTES;

CREATE TABLE LANCHE_INGREDIENTES (LANCHE_ID BIGINT NOT NULL,INGREDIENTES_ID BIGINT NOT NULL,PRIMARY KEY (LANCHE_ID, INGREDIENTES_ID));
	
ALTER TABLE LANCHE_INGREDIENTES ADD CONSTRAINT INGREDIENTES_ID_FK FOREIGN KEY (INGREDIENTES_ID) REFERENCES INGREDIENTES;
		
ALTER TABLE LANCHE_INGREDIENTES ADD CONSTRAINT LANCHE_ID_FK FOREIGN KEY (LANCHE_ID) REFERENCES LANCHE;


--INSERT LANCHES
INSERT INTO LANCHE VALUES(1,'X-Bacon');
INSERT INTO LANCHE VALUES(2,'X-Burger');
INSERT INTO LANCHE VALUES(3,'X-Egg');
INSERT INTO LANCHE VALUES(4,'X-Egg Bacon');
--INSERT INGREDIENTES
INSERT INTO INGREDIENTES VALUES(1, 'Alface', 0.40);
INSERT INTO INGREDIENTES VALUES(2,'Bacon',2.00);
INSERT INTO INGREDIENTES VALUES(3,'Hambúrguer de carne',3.00);
INSERT INTO INGREDIENTES VALUES(4,'Ovo',0.80);
INSERT INTO INGREDIENTES VALUES(5,'Queijo',1.50);
--INSERT PROMOCOES
INSERT INTO PROMOCAO VALUES(1, 'Light', 'Se o lanche tem alface e não tem bacon, ganha 10% de desconto');
INSERT INTO PROMOCAO VALUES(2, 'Muita carne', 'A cada 3 porções de carne o cliente só paga 2. Se o lanche tiver 6 porções, o cliente pagará 4');
INSERT INTO PROMOCAO VALUES(3, 'Muito queijo', 'A cada 3 porções de queijo o cliente só paga 2. Se o lanche tiver 6 porções, o cliente pagará 4');
INSERT INTO PROMOCAO VALUES(4, 'Inflação', 'Os valores dos ingredientes são alterados com frequência e não gastaríamos que isso influenciasse nos testes automatizados');
--INSERT LANCHE INGREDIENTES
--X-BACON
INSERT INTO LANCHE_INGREDIENTES VALUES(1,2);
INSERT INTO LANCHE_INGREDIENTES VALUES(1,3);
INSERT INTO LANCHE_INGREDIENTES VALUES(1,5);
--X-BURGUER
INSERT INTO LANCHE_INGREDIENTES VALUES(2,3);
INSERT INTO LANCHE_INGREDIENTES VALUES(2,5);
--X-EGG
INSERT INTO LANCHE_INGREDIENTES VALUES(3,3);
INSERT INTO LANCHE_INGREDIENTES VALUES(3,4);
INSERT INTO LANCHE_INGREDIENTES VALUES(3,5);
--X-EGG-BACON
INSERT INTO LANCHE_INGREDIENTES VALUES(4,2);
INSERT INTO LANCHE_INGREDIENTES VALUES(4,3);
INSERT INTO LANCHE_INGREDIENTES VALUES(4,4);
INSERT INTO LANCHE_INGREDIENTES VALUES(4,5);